cast_id,Name,Job,Movie
00101,Adam Robitel,director,Escape Room
00102,Bragi F. Schut,actor,Escape Room
00103,Maria Melnik,screenplay,Escape Room
00104,Logan Miller,actor,Escape Room
00105,Deborah Ann Woll,actor,Escape Room
00106,Taylor Russell,actor,Escape Room
00107,Tyler Labine,actor,Escape Room
00108,Jay Ellis,actor,Escape Room
00109,Nik Dodani,actor,Escape Room
00201,Charles Martin Smith,director,A Dog's Way Home
00202,W. Bruce Camero,screenplay,A Dog's Way Home
00203,Bryce Dallas Howard,actor,A Dog's Way Home
00204,Edward James Olmos,actor,A Dog's Way Home
00205,Alexandra Shipp,actor,A Dog's Way Home
00206,Ashley Judd,actor,A Dog's Way Home
00207,Jonah Haur-King,actor,A Dog's Way Home
00208,Wes Studi,actor,A Dog's Way Home
00301,Neil Burg,director,The Upside
00302,Jon Hartm,screenplay,The Upside
00303,Bryan Cranston,actor,The Upside
00304,Kevin Hart,actor,The Upside
00305,Nicole Kidman,actor,The Upside
00401,Jeffrey Nachmanoff,director,Replicas
00402,Chad St. Joh,screenplay,Replicas
00403,Keanu Reeves,actor,Replicas
00501,M. Night Shyam,director,Glass
00502,M. Night Shyam,screenplay,Glass
00503,James McAvoy,actor,Glass
00504,Bruce Willis,actor,Glass
00505,Samuel L. Jackson,actor,Glass
00506,Sarah Paulson,actor,Glass
00507,Anya Taylor-Joy,actor,Glass
00508,Spencer Treat Clark,actor,Glass
00509,Charlayne Woodard,actor,Glass
00601,Joe Cornish,director,The Kid Who Would Be King
00602,Joe Cornish,screenplay,The Kid Who Would Be King
00603,Louis Ashbourne Serkis,actor,The Kid Who Would Be King
00604,Dean Chaumoo,actor,The Kid Who Would Be King
00605,Tom Taylor,actor,The Kid Who Would Be King
00606,Rhianna Doris,actor,The Kid Who Would Be King
00607,Angus Imrie,actor,The Kid Who Would Be King
00608,Rebecca Ferguson,actor,The Kid Who Would Be King
00609,Patrick Stewart,actor,The Kid Who Would Be King
00701,Steven Knigh,director,Serenity
00702,Steven Knigh,screenplay,Serenity
00703,Matthew McConaughey,actor,Serenity
00704,Anne Hathaway,actor,Serenity
00705,Jason Clarke,actor,Serenity
00706,Diane Lane,actor,Serenity
00707,Djimon Hounsou,actor,Serenity
00801,Catherine Hardwick,director,Miss Bala
00802,Gareth Dunnet-Alco,screenplay,Miss Bala
00803,Gina Rodriguez,actor,Miss Bala
00804,Anthony Mackie,actor,Miss Bala
00805,Matt Lauria,actor,Miss Bala
00901,Dan G,director,Velvet Buzzsaw
00902,Dan G,screenplay,Velvet Buzzsaw
00903,Jake Gyllenhaal,actor,Velvet Buzzsaw
00904,Rene Russo,actor,Velvet Buzzsaw
00905,Toni Collette,actor,Velvet Buzzsaw
00906,Zawe Ashton,actor,Velvet Buzzsaw
00907,Tom Sturridge,actor,Velvet Buzzsaw
00908,Natalia Dyer,actor,Velvet Buzzsaw
00909,Daveed Diggs,actor,Velvet Buzzsaw
00910,Billy Magnussen,actor,Velvet Buzzsaw
00911,John Malkovich,actor,Velvet Buzzsaw
01001,Mike Mitchell,director,The Lego Movie 2: The Second Part
01002,Phil Lord,actor,The Lego Movie 2: The Second Part
01003,Christopher Mi,screenplay,The Lego Movie 2: The Second Part
01004,Chris Pratt,actor,The Lego Movie 2: The Second Part
01005,Elizabeth Banks,actor,The Lego Movie 2: The Second Part
01006,Tiffany Haddish,actor,The Lego Movie 2: The Second Part
01007,Will Arnett,actor,The Lego Movie 2: The Second Part
01008,Stephanie Beatriz,actor,The Lego Movie 2: The Second Part
01009,Charlie Day,actor,The Lego Movie 2: The Second Part
01010,Alison Brie,actor,The Lego Movie 2: The Second Part
01011,Nick Offerman,actor,The Lego Movie 2: The Second Part
01012,Maya Rudolph,actor,The Lego Movie 2: The Second Part
01013,Will Ferrell,actor,The Lego Movie 2: The Second Part
01101,Adam Shankman,director,What Men Want
01102,Tina Gordon Chism,screenplay,What Men Want
01103,Taraji P. Henson,actor,What Men Want
01104,Tracy Morgan,actor,What Men Want
01105,Max Greenfield,actor,What Men Want
01106,Aldis Hodge,actor,What Men Want
01107,Wendi McLendon-Covey,actor,What Men Want
01201,Hans Petter Molan,director,Cold Pursuit
01202,Frank Baldwi,screenplay,Cold Pursuit
01203,Liam Neeson,actor,Cold Pursuit
01204,Laura Dern,actor,Cold Pursuit
01205,Emmy Rossum,actor,Cold Pursuit
01206,Tom Bateman,actor,Cold Pursuit
01301,Nicholas McCarthy,director,The Prodigy
01302,Jeff Buh,screenplay,The Prodigy
01303,Taylor Schilling,actor,The Prodigy
01304,Peter Mooney,actor,The Prodigy
01305,Colm Feore,actor,The Prodigy
01401,Todd Strauss-Schulson,director,Isn't It Romantic
01402,Erin Cardillo,actor,Isn't It Romantic
01403,Dana Fox,actor,Isn't It Romantic
01404,Katie Silberm,screenplay,Isn't It Romantic
01405,Rebel Wilson,actor,Isn't It Romantic
01406,Liam Hemsworth,actor,Isn't It Romantic
01407,Adam DeVine,actor,Isn't It Romantic
01408,Priyanka Chopra,actor,Isn't It Romantic
01409,Betty Gilpin,actor,Isn't It Romantic
01410,Brandon Scott Jones,actor,Isn't It Romantic
01501,Chirstopher L,director,Happy Death Day 2U
01502,Chirstopher L,screenplay,Happy Death Day 2U
01503,Jessica Rothe,actor,Happy Death Day 2U
01504,Israel Broussard,actor,Happy Death Day 2U
01505,Phi Vu,actor,Happy Death Day 2U
01506,Suraj Sharma,actor,Happy Death Day 2U
01507,Sarah Yarkin,actor,Happy Death Day 2U
01508,Ruby Modine,actor,Happy Death Day 2U
01601,Robert Rodriguez,director,Alita: Battle Angel
01602,James Cameron,actor,Alita: Battle Angel
01603,Laeta Kalogridi,screenplay,Alita: Battle Angel
01604,Rosa Salazar,actor,Alita: Battle Angel
01605,Christoph Waltz,actor,Alita: Battle Angel
01606,Jennifer Connelly,actor,Alita: Battle Angel
01607,Mahershala Ali,actor,Alita: Battle Angel
01608,Ed Skrein,actor,Alita: Battle Angel
01609,Jackie Earle Haley,actor,Alita: Battle Angel
01610,Keean Johnson,actor,Alita: Battle Angel
01701,Dean DeB,director,How to Train Your Dragon: The Hidden World
01702,Dean DeB,screenplay,How to Train Your Dragon: The Hidden World
01703,Jay Baruchel,actor,How to Train Your Dragon: The Hidden World
01704,America Ferrera,actor,How to Train Your Dragon: The Hidden World
01705,F. Murray Abraham,actor,How to Train Your Dragon: The Hidden World
01706,Cate Blanchett,actor,How to Train Your Dragon: The Hidden World
01707,Craig Ferguson,actor,How to Train Your Dragon: The Hidden World
01708,Jonah Hill,actor,How to Train Your Dragon: The Hidden World
01709,Christopher Mintz-Plasse,actor,How to Train Your Dragon: The Hidden World
01710,Kristen Wiig,actor,How to Train Your Dragon: The Hidden World
01711,Justin Rupple,actor,How to Train Your Dragon: The Hidden World
01712,Kit Harington,actor,How to Train Your Dragon: The Hidden World
01713,Gerard Butler,actor,How to Train Your Dragon: The Hidden World
01801,Stephen Merch,director,Fighting with My Family
01802,Stephen Merch,screenplay,Fighting with My Family
01803,Florence Pugh,actor,Fighting with My Family
01804,Lena Headey,actor,Fighting with My Family
01805,Nick Frost,actor,Fighting with My Family
01806,Jack Lowden,actor,Fighting with My Family
01807,Vince Vaughn,actor,Fighting with My Family
01808,Dwayne Johnson,actor,Fighting with My Family
01901,Tyler Perry,director,Tyler Perry's A Madea Family Funeral
01902,Jason Rog,screenplay,Tyler Perry's A Madea Family Funeral
01903,Tyler Perry,actor,Tyler Perry's A Madea Family Funeral
01904,Courtney Burrell,actor,Tyler Perry's A Madea Family Funeral
01905,Patrice Lovely,actor,Tyler Perry's A Madea Family Funeral
02001,Neil J,director,Greta
02002,Neil J,screenplay,Greta
02003,Ray Wright,screenplay,Greta
02004,Isabelle Huppert,actor,Greta
02005,Chlo? Grace Moretz,actor,Greta
02006,Maika Monroe,actor,Greta
02007,Colm Feore,actor,Greta
02008,Stephen Rea,actor,Greta
02101,J. C. Ch,director,Triple Frontier
02102,J. C. Ch,screenplay,Triple Frontier
02103,Mark Bo,screenplay,Triple Frontier
02104,Ben Affleck,actor,Triple Frontier
02105,Oscar Isaac,actor,Triple Frontier
02106,Charlie Hunnam,actor,Triple Frontier
02107,Garrett Hedlund,actor,Triple Frontier
02108,Pedro Pascal,actor,Triple Frontier
02201,Anna Boden,actor,Captain Marvel
02202,Ryan Fleck (directors/screenplay),actor,Captain Marvel
02203,Geneva Robertson-Dworet,screenplay,Captain Marvel
02204,Brie Larson,actor,Captain Marvel
02205,Samuel L. Jackson,actor,Captain Marvel
02206,Ben Mendelsohn,actor,Captain Marvel
02207,Djimon Hounsou,actor,Captain Marvel
02208,Lee Pace,actor,Captain Marvel
02209,Lashana Lynch,actor,Captain Marvel
02210,Gemma Chan,actor,Captain Marvel
02211,Annette Bening,actor,Captain Marvel
02212,Clark Gregg,actor,Captain Marvel
02213,Jude Law,actor,Captain Marvel
02301,Vincent D'Onof,director,The Kid
02302,Andrew Lanham,screenplay,The Kid
02303,Ethan Hawke,actor,The Kid
02304,Dane DeHaan,actor,The Kid
02305,Jake Schur,actor,The Kid
02306,Leila George,actor,The Kid
02307,Adam Baldwin,actor,The Kid
02308,Chris Pratt,actor,The Kid
02401,Josh Appelbaum,actor,Wonder Park
02402,Andre Nem,screenplay,Wonder Park
02403,Brianna Denski,actor,Wonder Park
02404,Ken Hudson Campbell,actor,Wonder Park
02405,Matthew Broderick,actor,Wonder Park
02406,Jennifer Garner,actor,Wonder Park
02407,Kenan Thompson,actor,Wonder Park
02408,Ken Jeong,actor,Wonder Park
02409,Richard Kind,actor,Wonder Park
02410,Mila Kunis,actor,Wonder Park
02411,David Cross,actor,Wonder Park
02412,John Oliver,actor,Wonder Park
02501,Rupert W,director,Captive State
02502,Rupert W,screenplay,Captive State
02503,Erica B,screenplay,Captive State
02504,John Goodman,actor,Captive State
02505,Ashton Sanders,actor,Captive State
02506,Jonathan Majors,actor,Captive State
02507,Machine Gun Kelly,actor,Captive State
02508,Vera Farmiga,actor,Captive State
02601,Katt Shea,director,Nancy Drew and the Hidden Staircase
02602,Nina Fiore,actor,Nancy Drew and the Hidden Staircase
02603,John H,screenplay,Nancy Drew and the Hidden Staircase
02604,Sophia Lillis,actor,Nancy Drew and the Hidden Staircase
02605,Zoe Renee,actor,Nancy Drew and the Hidden Staircase
02606,Mackenzie Graham,actor,Nancy Drew and the Hidden Staircase
02607,Laura Slade Wiggins,actor,Nancy Drew and the Hidden Staircase
02608,Sam Trammell,actor,Nancy Drew and the Hidden Staircase
02609,Linda Lavin,actor,Nancy Drew and the Hidden Staircase
02701,James Ken,director,The Aftermath
02702,Joe Shrapnel,actor,The Aftermath
02703,Anna Waterhou,screenplay,The Aftermath
02704,Alexander Skarsg?rd,actor,The Aftermath
02705,Keira Knightley,actor,The Aftermath
02706,Jason Clarke,actor,The Aftermath
02707,Alexander Scheer,actor,The Aftermath
02801,Justin Baldon,director,Five Feet Apart
02802,Mikki Daughtry,actor,Five Feet Apart
02803,Tobias Iaconi,screenplay,Five Feet Apart
02804,Cole Sprouse,actor,Five Feet Apart
02805,Haley Lu Richardson,actor,Five Feet Apart
02901,John Lee Hancock,director,The Highwaymen
02902,John Fusco,screenplay,The Highwaymen
02903,Kevin Costner,actor,The Highwaymen
02904,Woody Harrelson,actor,The Highwaymen
02905,Kathy Bates,actor,The Highwaymen
02906,John Carroll Lynch,actor,The Highwaymen
02907,Kim Dickens,actor,The Highwaymen
02908,Thomas Mann,actor,The Highwaymen
02909,William Sadler,actor,The Highwaymen
03001,Jordan P,director,Us
03002,Jordan P,screenplay,Us
03003,Lupita Nyong'o,actor,Us
03004,Winston Duke,actor,Us
03005,Elisabeth Moss,actor,Us
03006,Tim Heidecker,actor,Us
03007,Evan Alex,actor,Us
03008,Shahadi Wright Joseph,actor,Us
03009,Yahya Abdul-Mateen II,actor,Us
03010,Anna Diop,actor,Us
03101,Jeff Tremaine (director): Tom Kapinos,director,The Dirt
03102,Amanda Adelson,actor,The Dirt
03103,Rich Wilk,screenplay,The Dirt
03104,Douglas Booth,actor,The Dirt
03105,Iwan Rheon,actor,The Dirt
03106,Machine Gun Kelly,actor,The Dirt
03107,Daniel Webber,actor,The Dirt
03201,Tim Burton,director,Dumbo
03202,Ehren Krug,screenplay,Dumbo
03203,Colin Farrell,actor,Dumbo
03204,Michael Keaton,actor,Dumbo
03205,Danny DeVito,actor,Dumbo
03206,Eva Green,actor,Dumbo
03207,Nico Parker,actor,Dumbo
03208,Finley Hobbins,actor,Dumbo
03209,Alan Arkin,actor,Dumbo
03301,Harmony K,director,The Beach Bum
03302,Harmony K,screenplay,The Beach Bum
03303,Matthew McConaughey,actor,The Beach Bum
03304,Zac Efron,actor,The Beach Bum
03305,Jonah Hill,actor,The Beach Bum
03306,Isla Fisher,actor,The Beach Bum
03307,Jimmy Buffett,actor,The Beach Bum
03308,Snoop Dogg,actor,The Beach Bum
03309,Martin Lawrence,actor,The Beach Bum
03401,Chuck Konzelman,actor,Unplanned
03402,Cary Solom,director,Unplanned
03403,Cary Solom,screenplay,Unplanned
03404,Ashley Bratcher,actor,Unplanned
03405,Brooks Ryan,actor,Unplanned
03406,Robia Scott,actor,Unplanned
03501,David F. Sandberg,director,Shazam!
03502,Henry Gayd,screenplay,Shazam!
03503,Zachary Levi,actor,Shazam!
03504,Asher Angel,actor,Shazam!
03505,Mark Strong,actor,Shazam!
03506,Jack Dylan Grazer,actor,Shazam!
03507,Djimon Hounsou,actor,Shazam!
03601,Kevin Kolsch,actor,Pet Sematary
03602,Dennis Widmy,director,Pet Sematary
03603,Jeff Buh,screenplay,Pet Sematary
03604,Jason Clarke,actor,Pet Sematary
03605,Amy Seimetz,actor,Pet Sematary
03606,John Lithgow,actor,Pet Sematary
03701,Robin B,director,The Best of Enemies
03702,Robin B,screenplay,The Best of Enemies
03703,Taraji P. Henson,actor,The Best of Enemies
03704,Sam Rockwell,actor,The Best of Enemies
03801,Neil Marshall,director,Hellboy
03802,Andrew Cosb,screenplay,Hellboy
03803,David Harbour,actor,Hellboy
03804,Milla Jovovich,actor,Hellboy
03805,Ian McShane,actor,Hellboy
03806,Sasha Lane,actor,Hellboy
03807,Penelope Mitchell,actor,Hellboy
03808,Daniel Dae Kim,actor,Hellboy
03809,Thomas Haden Church,actor,Hellboy
03901,Chris Bu,director,Missing Link
03902,Chris Bu,screenplay,Missing Link
03903,Hugh Jackman,actor,Missing Link
03904,Zach Galifianakis,actor,Missing Link
03905,Zoe Saldana,actor,Missing Link
03906,Emma Thompson,actor,Missing Link
03907,Stephen Fry,actor,Missing Link
03908,David Walliams,actor,Missing Link
03909,Timothy Olyphant,actor,Missing Link
03910,Matt Lucas,actor,Missing Link
03911,Amrita Acharia,actor,Missing Link
04001,Tina Gordon,director,Little
04002,Camilla Blackett,screenplay,Little
04003,Issa Rae,actor,Little
04004,Regina Hall,actor,Little
04005,Marsai Martin,actor,Little
04101,Roxann Dawson,director,Breakthrough
04102,Grant Nieport,screenplay,Breakthrough
04103,Chrissy Metz,actor,Breakthrough
04104,Josh Lucas,actor,Breakthrough
04105,Topher Grace,actor,Breakthrough
04106,Mike Colter,actor,Breakthrough
04107,Marcel Ruiz,actor,Breakthrough
04108,Sam Trammell,actor,Breakthrough
04109,Dennis Haysbert,actor,Breakthrough
04201,Alastair Fothergill,director,Penguins
04202,Jeff Wilson,co-director,Penguins
04203,Ed Helms,actor,Penguins
04301,Michael Chaves,director,The Curse of La Llorona
04302,Mikki Daughtry,actor,The Curse of La Llorona
04303,Tobias Iaconi,screenplay,The Curse of La Llorona
04304,Linda Cardellini,actor,The Curse of La Llorona
04305,Raymond Cruz,actor,The Curse of La Llorona
04306,Patricia Velasquez,actor,The Curse of La Llorona
04307,Jaynee-Lynne Kinchen,actor,The Curse of La Llorona
04308,Roman Christou,actor,The Curse of La Llorona
04309,Marisol Ramirez,actor,The Curse of La Llorona
04310,Sean Patrick Thomas,actor,The Curse of La Llorona
04401,David Robert Mitch,director,Under the Silver Lake
04402,David Robert Mitch,screenplay,Under the Silver Lake
04403,Andrew Garfield,actor,Under the Silver Lake
04404,Riley Keough,actor,Under the Silver Lake
04405,Topher Grace,actor,Under the Silver Lake
04501,Jenny Gag,director,After
04502,Susan McMarti,screenplay,After
04503,Josephine Langford,actor,After
04504,Hero Fiennes Tiffin,actor,After
04505,Selma Blair,actor,After
04506,Pia Mia,actor,After
04507,Peter Gallagher,actor,After
04601,Anthony Russo and Joe Ru,director,Avengers: Endgame
04602,Christopher Markus and Stephen McF,screenplay,Avengers: Endgame
04603,Robert Downey Jr.,actor,Avengers: Endgame
04604,Chris Evans,actor,Avengers: Endgame
04605,Mark Ruffalo,actor,Avengers: Endgame
04606,Chris Hemsworth,actor,Avengers: Endgame
04607,Scarlett Johansson,actor,Avengers: Endgame
04608,Jeremy Renner,actor,Avengers: Endgame
04609,Don Cheadle,actor,Avengers: Endgame
04610,Paul Rudd,actor,Avengers: Endgame
04611,Brie Larson,actor,Avengers: Endgame
04612,Karen Gillan,actor,Avengers: Endgame
04613,Danai Gurira,actor,Avengers: Endgame
04614,Benedict Wong,actor,Avengers: Endgame
04615,Jon Favreau,actor,Avengers: Endgame
04616,Bradley Cooper,actor,Avengers: Endgame
04617,Gwyneth Paltrow,actor,Avengers: Endgame
04618,Josh Brolin,actor,Avengers: Endgame
04701,Deon Tayl,director,The Intruder
04702,David Lough,screenplay,The Intruder
04703,Dennis Quaid,actor,The Intruder
04704,Michael Ealy,actor,The Intruder
04705,Meagan Good,actor,The Intruder
04706,Joseph Sikora,actor,The Intruder
04801,Jonathan Levin,director,Long Shot
04802,Dan Sterling,screenplay,Long Shot
04803,Seth Rogen,actor,Long Shot
04804,Charlize Theron,actor,Long Shot
04805,O'Shea Jackson Jr.,actor,Long Shot
04806,Andy Serkis,actor,Long Shot
04807,June Diane Raphael,actor,Long Shot
04808,Bob Odenkirk,actor,Long Shot
04809,Alexander Skarsg?rd,actor,Long Shot
04901,Kelly Asbury,director,UglyDolls
04902,Alison Peck,screenplay,UglyDolls
04903,Kelly Clarkson,actor,UglyDolls
04904,Pitbull,actor,UglyDolls
04905,Nick Jonas,actor,UglyDolls
04906,Wanda Sykes,actor,UglyDolls
04907,Gabriel Iglesias,actor,UglyDolls
04908,Blake Shelton,actor,UglyDolls
04909,Janelle Mon?e,actor,UglyDolls
04910,Emma Roberts,actor,UglyDolls
04911,Wang Leehom,actor,UglyDolls
04912,Bebe Rexha,actor,UglyDolls
04913,Charli XCX,actor,UglyDolls
04914,Lizzo,actor,UglyDolls
05001,Joe Berling,director,"Extremely Wicked, Shockingly Evil, and Vile"
05002,Michael Werwi,screenplay,"Extremely Wicked, Shockingly Evil, and Vile"
05003,Zac Efron,actor,"Extremely Wicked, Shockingly Evil, and Vile"
05004,Lily Collins,actor,"Extremely Wicked, Shockingly Evil, and Vile"
05005,Kaya Scodelario,actor,"Extremely Wicked, Shockingly Evil, and Vile"
05006,Jeffrey Donovan,actor,"Extremely Wicked, Shockingly Evil, and Vile"
05007,Angela Sarafyan,actor,"Extremely Wicked, Shockingly Evil, and Vile"
05008,Dylan Baker,actor,"Extremely Wicked, Shockingly Evil, and Vile"
05009,Brian Geraghty,actor,"Extremely Wicked, Shockingly Evil, and Vile"
05010,Jim Parsons,actor,"Extremely Wicked, Shockingly Evil, and Vile"
05011,John Malkovich,actor,"Extremely Wicked, Shockingly Evil, and Vile"
05101,Rob Letterm,director,Pok?mon: Detective Pikachu
05102,Rob Letterm,screenplay,Pok?mon: Detective Pikachu
05103,Benji Samit,actor,Pok?mon: Detective Pikachu
05104,Dan Hernandez,screenplay,Pok?mon: Detective Pikachu
05105,Ryan Reynolds,actor,Pok?mon: Detective Pikachu
05106,Justice Smith,actor,Pok?mon: Detective Pikachu
05107,Kathryn Newton,actor,Pok?mon: Detective Pikachu
05108,Suki Waterhouse,actor,Pok?mon: Detective Pikachu
05109,Omar Chaparro,actor,Pok?mon: Detective Pikachu
05110,Chris Geere,actor,Pok?mon: Detective Pikachu
05111,Ken Watanabe,actor,Pok?mon: Detective Pikachu
05112,Bill Nighy,actor,Pok?mon: Detective Pikachu
05201,Chris Addison,director,The Hustle
05202,Jac Schaeff,screenplay,The Hustle
05203,Anne Hathaway,actor,The Hustle
05204,Rebel Wilson,actor,The Hustle
05205,Alex Sharp,actor,The Hustle
05301,Dome Karukosk,director,Tolkien
05302,David Gleeson,actor,Tolkien
05303,Stephen Beresford,screenplay,Tolkien
05304,Nicholas Hoult,actor,Tolkien
05305,Lily Collins,actor,Tolkien
05306,Colm Meaney,actor,Tolkien
05307,Derek Jacobi,actor,Tolkien
05401,Zara H,director,Poms
05402,Zara H,screenplay,Poms
05403,Shane Atkinso,screenplay,Poms
05404,Diane Keaton,actor,Poms
05405,Jacki Weaver,actor,Poms
05406,Pam Grier,actor,Poms
05407,Rhea Perlman,actor,Poms
05408,Celia Weston,actor,Poms
05409,Phyllis Somerville,actor,Poms
05501,P.B. Shem,director,The Professor and the Madman
05502,P.B. Shem,screenplay,The Professor and the Madman
05503,Todd Komarnicki,screenplay,The Professor and the Madman
05504,Mel Gibson,actor,The Professor and the Madman
05505,Sean Penn,actor,The Professor and the Madman
05506,Natalie Dormer,actor,The Professor and the Madman
05507,Eddie Marsan,actor,The Professor and the Madman
05508,Jennifer Ehle,actor,The Professor and the Madman
05509,David O'Hara,actor,The Professor and the Madman
05510,Ioan Gruffudd,actor,The Professor and the Madman
05511,Stephen Dillane,actor,The Professor and the Madman
05512,Steve Coogan,actor,The Professor and the Madman
05601,Chad Stahelsk,director,John Wick: Chapter 3 ¡V Parabellum
05602,Derek Kolstad,screenplay,John Wick: Chapter 3 ¡V Parabellum
05603,Keanu Reeves,actor,John Wick: Chapter 3 ¡V Parabellum
05604,Halle Berry,actor,John Wick: Chapter 3 ¡V Parabellum
05605,Laurence Fishburne,actor,John Wick: Chapter 3 ¡V Parabellum
05606,Mark Dacascos,actor,John Wick: Chapter 3 ¡V Parabellum
05607,Asia Kate Dillon,actor,John Wick: Chapter 3 ¡V Parabellum
05608,Lance Reddick,actor,John Wick: Chapter 3 ¡V Parabellum
05609,Anjelica Huston,actor,John Wick: Chapter 3 ¡V Parabellum
05610,Ian McShane,actor,John Wick: Chapter 3 ¡V Parabellum
05701,Gail Mancus,director,A Dog's Journey
05702,W. Bruce Cameron,actor,A Dog's Journey
05703,Cathryn Michon,actor,A Dog's Journey
05704,Wally Wolodarsky,actor,A Dog's Journey
05705,Maya Forb,screenplay,A Dog's Journey
05706,Dennis Quaid,actor,A Dog's Journey
05707,Josh Gad,actor,A Dog's Journey
05708,Marg Helgenberger,actor,A Dog's Journey
05709,Betty Gilpin,actor,A Dog's Journey
05710,Kathryn Prescott,actor,A Dog's Journey
05711,Henry Lau,actor,A Dog's Journey
05801,Ry Russo-Young,director,The Sun Is Also a Star
05802,Tracy Oliv,screenplay,The Sun Is Also a Star
05803,Yara Shahidi,actor,The Sun Is Also a Star
05804,Charles Melton,actor,The Sun Is Also a Star
05805,John Leguizamo,actor,The Sun Is Also a Star
05901,Noble J,director,The Tomorrow Man
05902,Noble J,screenplay,The Tomorrow Man
05903,John Lithgow,actor,The Tomorrow Man
05904,Blythe Danner,actor,The Tomorrow Man
05905,Derek Cecil,actor,The Tomorrow Man
05906,Katie Aselton,actor,The Tomorrow Man
05907,Sophie Thatcher,actor,The Tomorrow Man
05908,Eve Harlow,actor,The Tomorrow Man
06001,Guy Ritch,director,Aladdin
06002,Guy Ritch,screenplay,Aladdin
06003,John August,actor,Aladdin
06004,Vanessa Taylo,screenplay,Aladdin
06005,Will Smith,actor,Aladdin
06006,Mena Massoud,actor,Aladdin
06007,Naomi Scott,actor,Aladdin
06008,Marwan Kenzari,actor,Aladdin
06009,Navid Negahban,actor,Aladdin
06010,Nasim Pedrad,actor,Aladdin
06011,Billy Magnussen,actor,Aladdin
06012,Frank Welker,actor,Aladdin
06013,Alan Tudyk,actor,Aladdin
06101,James G,director,Ad Astra
06102,James G,screenplay,Ad Astra
06103,Ethan Gro,screenplay,Ad Astra
06104,Brad Pitt,actor,Ad Astra
06105,Ruth Negga,actor,Ad Astra
06106,Jamie Kennedy,actor,Ad Astra
06107,Donald Sutherland,actor,Ad Astra
06108,Tommy Lee Jones,actor,Ad Astra
06201,David Yarovesky,director,Brightburn
06202,Brian Gunn,actor,Brightburn
06203,Mark Gu,screenplay,Brightburn
06204,Elizabeth Banks,actor,Brightburn
06205,David Denman,actor,Brightburn
06206,Jackson A. Dunn,actor,Brightburn
06207,Matt Jones,actor,Brightburn
06208,Meredith Hagner,actor,Brightburn
06301,Olivia Wil,director,Booksmart
06302,Emily Halpern,actor,Booksmart
06303,Sarah Haskins,actor,Booksmart
06304,Katie Silberman,actor,Booksmart
06305,Susanna Fog,screenplay,Booksmart
06306,Kaitlyn Dever,actor,Booksmart
06307,Beanie Feldstein,actor,Booksmart
06308,Noah Galvin,actor,Booksmart
06309,Billie Lourd,actor,Booksmart
06310,Lisa Kudrow,actor,Booksmart
06311,Will Forte,actor,Booksmart
06312,Jason Sudeikis,actor,Booksmart
06401,Michael Dough,director,Godzilla: King of the Monsters
06402,Michael Dough,screenplay,Godzilla: King of the Monsters
06403,Zach Shields,actor,Godzilla: King of the Monsters
06404,Max Borenstei,screenplay,Godzilla: King of the Monsters
06405,Kyle Chandler,actor,Godzilla: King of the Monsters
06406,Vera Farmiga,actor,Godzilla: King of the Monsters
06407,Millie Bobby Brown,actor,Godzilla: King of the Monsters
06408,Ken Watanabe,actor,Godzilla: King of the Monsters
06409,Sally Hawkins,actor,Godzilla: King of the Monsters
06410,Bradley Whitford,actor,Godzilla: King of the Monsters
06411,Charles Dance,actor,Godzilla: King of the Monsters
06412,Thomas Middleditch,actor,Godzilla: King of the Monsters
06413,Aisha Hinds,actor,Godzilla: King of the Monsters
06414,O'Shea Jackson Jr.,actor,Godzilla: King of the Monsters
06415,David Strathairn,actor,Godzilla: King of the Monsters
06416,Zhang Ziyi,actor,Godzilla: King of the Monsters
06501,Dexter Fletch,director,Rocketman
06502,Lee H,screenplay,Rocketman
06503,Taron Egerton,actor,Rocketman
06504,Jamie Bell,actor,Rocketman
06505,Richard Madden,actor,Rocketman
06506,Bryce Dallas Howard,actor,Rocketman
06601,Tate T,director,Ma
06602,Tate T,screenplay,Ma
06603,Scotty Land,screenplay,Ma
06604,Octavia Spencer,actor,Ma
06605,Juliette Lewis,actor,Ma
06606,Luke Evans,actor,Ma
06607,Missi Pyle,actor,Ma
06608,Allison Janney,actor,Ma
06701,Brian De Palma,director,Domino
06702,Petter Skav,screenplay,Domino
06703,Nikolaj Coster-Waldau,actor,Domino
06704,Carice van Houten,actor,Domino
06705,Guy Pearce,actor,Domino
06706,Nicolas Bro,actor,Domino
06707,Paprika Steen,actor,Domino
06801,Simon Kinberg,director,Dark Phoenix
06802,Simon Kinberg,screenplay,Dark Phoenix
06803,James McAvoy,actor,Dark Phoenix
06804,Michael Fassbender,actor,Dark Phoenix
06805,Jennifer Lawrence,actor,Dark Phoenix
06806,Nicholas Hoult,actor,Dark Phoenix
06807,Sophie Turner,actor,Dark Phoenix
06808,Tye Sheridan,actor,Dark Phoenix
06809,Alexandra Shipp,actor,Dark Phoenix
06810,Kodi Smit-McPhee,actor,Dark Phoenix
06811,Evan Peters,actor,Dark Phoenix
06812,Jessica Chastain,actor,Dark Phoenix
06901,Chris Renau,director,The Secret Life of Pets 2
06902,Brian Lynch,screenplay,The Secret Life of Pets 2
06903,Patton Oswalt,actor,The Secret Life of Pets 2
06904,Eric Stonestreet,actor,The Secret Life of Pets 2
06905,Kevin Hart,actor,The Secret Life of Pets 2
06906,Jenny Slate,actor,The Secret Life of Pets 2
06907,Tiffany Haddish,actor,The Secret Life of Pets 2
06908,Lake Bell,actor,The Secret Life of Pets 2
06909,Nick Kroll,actor,The Secret Life of Pets 2
06910,Dana Carvey,actor,The Secret Life of Pets 2
06911,Ellie Kemper,actor,The Secret Life of Pets 2
06912,Chris Renaud,actor,The Secret Life of Pets 2
06913,Hannibal Buress,actor,The Secret Life of Pets 2
06914,Bobby Moynihan,actor,The Secret Life of Pets 2
06915,Harrison Ford,actor,The Secret Life of Pets 2
07001,Nisha Ganatra,director,Late Night
07002,Mindy Kaling,screenplay,Late Night
07003,Emma Thompson,actor,Late Night
07004,Mindy Kaling,actor,Late Night
07005,Hugh Dancy,actor,Late Night
07006,Reid Scott,actor,Late Night
07007,Denis O'Hare,actor,Late Night
07008,Paul Walter Hauser,actor,Late Night
07009,John Lithgow,actor,Late Night
07010,Amy Ryan,actor,Late Night
07101,Seth G,director,Changeland
07102,Seth G,screenplay,Changeland
07103,Seth Green,actor,Changeland
07104,Breckin Meyer,actor,Changeland
07105,Macaulay Culkin,actor,Changeland
07106,Brenda Song,actor,Changeland
07107,Clare Grant,actor,Changeland
07108,Randy Orton,actor,Changeland
07201,F. Gary Gray,director,Men in Black: International
07202,Art Marcum and Matt Hollow,screenplay,Men in Black: International
07203,Chris Hemsworth,actor,Men in Black: International
07204,Tessa Thompson,actor,Men in Black: International
07205,Liam Neeson,actor,Men in Black: International
07206,Rebecca Ferguson,actor,Men in Black: International
07207,Kumail Nanjiani,actor,Men in Black: International
07208,Rafe Spall,actor,Men in Black: International
07209,Emma Thompson,actor,Men in Black: International
07301,Tim Story,director,Shaft
07302,Kenya Barris,actor,Shaft
07303,Alex Barnow,screenplay,Shaft
07304,Jessie Usher,actor,Shaft
07305,Samuel L. Jackson,actor,Shaft
07306,Alexandra Shipp,actor,Shaft
07307,Regina Hall,actor,Shaft
07308,Richard Roundtree,actor,Shaft
07309,Alexandra Shipp,actor,Shaft
07310,Matt Lauria,actor,Shaft
07311,Titus Welliver,actor,Shaft
07312,Method Man,actor,Shaft
07401,Jim Jarmusch,director,The Dead Don't Die
07402,Jim Jarmusch,screenplay,The Dead Don't Die
07403,Bill Murray,actor,The Dead Don't Die
07404,Adam Driver,actor,The Dead Don't Die
07405,Tilda Swinton,actor,The Dead Don't Die
07406,Chlo? Sevigny,actor,The Dead Don't Die
07407,Steve Buscemi,actor,The Dead Don't Die
07408,Caleb Landry Jones,actor,The Dead Don't Die
07409,Rosie Perez,actor,The Dead Don't Die
07410,Iggy Pop,actor,The Dead Don't Die
07411,Sara Driver,actor,The Dead Don't Die
07412,RZA,actor,The Dead Don't Die
07413,Selena Gomez,actor,The Dead Don't Die
07414,Carol Kane,actor,The Dead Don't Die
07415,Tom Waits,actor,The Dead Don't Die
07501,Josh Cooley,director,Toy Story 4
07502,Stephany Folsom,screenplay,Toy Story 4
07503,Tom Hanks,actor,Toy Story 4
07504,Tim Allen,actor,Toy Story 4
07505,Annie Potts,actor,Toy Story 4
07506,Joan Cusack,actor,Toy Story 4
07507,Tony Hale,actor,Toy Story 4
07508,Keegan-Michael Key,actor,Toy Story 4
07509,Jordan Peele,actor,Toy Story 4
07601,Lars Klevberg,director,Child's Play
07602,Tyler Burton Smith,screenplay,Child's Play
07603,Aubrey Plaza,actor,Child's Play
07604,Gabriel Bateman,actor,Child's Play
07605,Brian Tyree Henry,actor,Child's Play
07606,Tim Matheson,actor,Child's Play
07607,Mark Hamill,actor,Child's Play
07701,Gary Dauberm,director,Annabelle Comes Home
07702,Gary Dauberm,screenplay,Annabelle Comes Home
07703,Mckenna Grace,actor,Annabelle Comes Home
07704,Madison Iseman,actor,Annabelle Comes Home
07705,Katie Sarife,actor,Annabelle Comes Home
07706,Patrick Wilson,actor,Annabelle Comes Home
07707,Vera Farmiga,actor,Annabelle Comes Home
07801,Danny Boyl,director,Yesterday
07802,Richard Cu,screenplay,Yesterday
07803,Himesh Patel,actor,Yesterday
07804,Lily James,actor,Yesterday
07805,Ed Sheeran,actor,Yesterday
07806,Ana de Armas,actor,Yesterday
07807,Lamorne Morris,actor,Yesterday
07808,Kate McKinnon,actor,Yesterday
07901,Johannes Rob,director,47 Meters Down: Uncaged
07902,Johannes Rob,screenplay,47 Meters Down: Uncaged
07903,Ernest Ri,screenplay,47 Meters Down: Uncaged
07904,John Corbett,actor,47 Meters Down: Uncaged
07905,Nia Long,actor,47 Meters Down: Uncaged
07906,Sophie Nelisse,actor,47 Meters Down: Uncaged
07907,Corinne Foxx,actor,47 Meters Down: Uncaged
07908,Sistine Stallone,actor,47 Meters Down: Uncaged
07909,Brianne Tju,actor,47 Meters Down: Uncaged
07910,Davi Santos,actor,47 Meters Down: Uncaged
07911,Khylin Rhambo,actor,47 Meters Down: Uncaged
07912,Brec Bassinger,actor,47 Meters Down: Uncaged
08001,Jon Watts,director,Spider-Man: Far From Home
08002,Chris McKenna,actor,Spider-Man: Far From Home
08003,Erik Somm,screenplay,Spider-Man: Far From Home
08004,Tom Holland,actor,Spider-Man: Far From Home
08005,Samuel L. Jackson,actor,Spider-Man: Far From Home
08006,Zendaya,actor,Spider-Man: Far From Home
08007,Cobie Smulders,actor,Spider-Man: Far From Home
08008,Jon Favreau,actor,Spider-Man: Far From Home
08009,J. B. Smoove,actor,Spider-Man: Far From Home
08010,Jacob Batalon,actor,Spider-Man: Far From Home
08011,Martin Starr,actor,Spider-Man: Far From Home
08012,Marisa Tomei,actor,Spider-Man: Far From Home
08013,Jake Gyllenhaal,actor,Spider-Man: Far From Home
08101,Ari A,director,Midsommar
08102,Ari A,screenplay,Midsommar
08103,Florence Pugh,actor,Midsommar
08104,Jack Reynor,actor,Midsommar
08105,William Jackson Harper,actor,Midsommar
08106,Will Poulter,actor,Midsommar
08201,Michael Dows,director,Stuber
08202,Tripper C,screenplay,Stuber
08203,Kumail Nanjiani,actor,Stuber
08204,Dave Bautista,actor,Stuber
08205,Iko Uwais,actor,Stuber
08206,Natalie Morales,actor,Stuber
08207,Betty Gilpin,actor,Stuber
08208,Jimmy Tatro,actor,Stuber
08209,Mira Sorvino,actor,Stuber
08210,Karen Gillan,actor,Stuber
08301,Alexandre Aj,director,Crawl
08302,Alexandre Aj,screenplay,Crawl
08303,Shawn Rasmussen,actor,Crawl
08304,Michael Rasmu,screenplay,Crawl
08305,Kaya Scodelario,actor,Crawl
08306,Barry Pepper,actor,Crawl
08401,Brian Kirk,director,21 Bridges
08402,Adam Mervi,screenplay,21 Bridges
08403,Chadwick Boseman,actor,21 Bridges
08404,J.K. Simmons,actor,21 Bridges
08405,Sienna Miller,actor,21 Bridges
08406,Taylor Kitsch,actor,21 Bridges
08407,Stephan James,actor,21 Bridges
08408,Toby Hemingway,actor,21 Bridges
08501,Jon Favreau,director,The Lion King
08502,Jeff Nathanso,screenplay,The Lion King
08503,Donald Glover,actor,The Lion King
08504,Chiwetel Ejiofor,actor,The Lion King
08505,Billy Eichner,actor,The Lion King
08506,Seth Rogen,actor,The Lion King
08507,Beyonc?,actor,The Lion King
08508,James Earl Jones,actor,The Lion King
08509,Alfre Woodard,actor,The Lion King
08510,John Kani,actor,The Lion King
08511,John Oliver,actor,The Lion King
08512,Florence Kasumba,actor,The Lion King
08513,Eric Andre,actor,The Lion King
08514,Keegan-Michael Key,actor,The Lion King
08515,JD McCrary,actor,The Lion King
08516,Shahadi Wright Joseph,actor,The Lion King
08601,Quentin T,director,Once Upon a Time in Hollywood
08602,Quentin T,screenplay,Once Upon a Time in Hollywood
08603,Leonardo DiCaprio,actor,Once Upon a Time in Hollywood
08604,Brad Pitt,actor,Once Upon a Time in Hollywood
08605,Margot Robbie,actor,Once Upon a Time in Hollywood
08606,Al Pacino,actor,Once Upon a Time in Hollywood
08607,Emile Hirsch,actor,Once Upon a Time in Hollywood
08608,Damian Lewis,actor,Once Upon a Time in Hollywood
08609,Mike Moh,actor,Once Upon a Time in Hollywood
08610,Bruce Dern,actor,Once Upon a Time in Hollywood
08611,Scoot McNairy,actor,Once Upon a Time in Hollywood
08612,Dakota Fanning,actor,Once Upon a Time in Hollywood
08613,Damon Herriman,actor,Once Upon a Time in Hollywood
08614,Austin Butler,actor,Once Upon a Time in Hollywood
08615,Lena Dunham,actor,Once Upon a Time in Hollywood
08616,Luke Perry,actor,Once Upon a Time in Hollywood
08701,Chris Appelh,director,Wish Dragon
08702,Chris Appelh,screenplay,Wish Dragon
08703,Amy Heckerling,co-director,Wish Dragon
08704,Amy Bloom,actor,Wish Dragon
08705,Dave Kendall,actor,Wish Dragon
08706,Jacquelyn Mitchard,screenplay,Wish Dragon
08707,Jackie Chan,actor,Wish Dragon
08708,Constance Wu,actor,Wish Dragon
08709,Ian Chen,actor,Wish Dragon
08710,John Cho,actor,Wish Dragon
08711,Will Yun Lee,actor,Wish Dragon
08801,James Bobin,director,Dora and the Lost City of Gold
08802,Nicholas Stoller,actor,Dora and the Lost City of Gold
08803,Matthew Robinso,screenplay,Dora and the Lost City of Gold
08804,Isabela Moner,actor,Dora and the Lost City of Gold
08805,Eugenio Derbez,actor,Dora and the Lost City of Gold
08806,Michael Pe?a,actor,Dora and the Lost City of Gold
08807,Eva Longoria,actor,Dora and the Lost City of Gold
08808,Danny Trejo,actor,Dora and the Lost City of Gold
08809,Benicio del Toro,actor,Dora and the Lost City of Gold
08901,David Leitch,director,Fast & Furious Presents: Hobbs & Shaw
08902,Chris Morg,screenplay,Fast & Furious Presents: Hobbs & Shaw
08903,Dwayne Johnson,actor,Fast & Furious Presents: Hobbs & Shaw
08904,Jason Statham,actor,Fast & Furious Presents: Hobbs & Shaw
08905,Idris Elba,actor,Fast & Furious Presents: Hobbs & Shaw
08906,Vanessa Kirby,actor,Fast & Furious Presents: Hobbs & Shaw
08907,Eiza Gonzalez,actor,Fast & Furious Presents: Hobbs & Shaw
08908,Cliff Curtis,actor,Fast & Furious Presents: Hobbs & Shaw
08909,Roman Reigns,actor,Fast & Furious Presents: Hobbs & Shaw
08910,Eddie Marsan,actor,Fast & Furious Presents: Hobbs & Shaw
08911,Helen Mirren,actor,Fast & Furious Presents: Hobbs & Shaw
09001,Josh B,director,The New Mutants
09002,Josh B,screenplay,The New Mutants
09003,Knate L,screenplay,The New Mutants
09004,Anya Taylor-Joy,actor,The New Mutants
09005,Maisie Williams,actor,The New Mutants
09006,Charlie Heaton,actor,The New Mutants
09007,Henry Zaga,actor,The New Mutants
09008,Blu Hunt,actor,The New Mutants
09009,Alice Braga,actor,The New Mutants
09101,Kenneth Branagh,director,Artemis Fowl
09102,Conor McPherso,screenplay,Artemis Fowl
09103,Ferdia Shaw,actor,Artemis Fowl
09104,Lara McDonnell,actor,Artemis Fowl
09105,Nonso Anozie,actor,Artemis Fowl
09106,Tamara Smart,actor,Artemis Fowl
09107,Hong Chau,actor,Artemis Fowl
09108,Josh Gad,actor,Artemis Fowl
09109,Judi Dench,actor,Artemis Fowl
09201,Andrea Berloff,director,The Kitchen
09202,Andrea Berloff,screenplay,The Kitchen
09203,Melissa McCarthy,actor,The Kitchen
09204,Tiffany Haddish,actor,The Kitchen
09205,Elisabeth Moss,actor,The Kitchen
09206,Domhnall Gleeson,actor,The Kitchen
09207,James Badge Dale,actor,The Kitchen
09208,Brian d'Arcy James,actor,The Kitchen
09209,Margo Martindale,actor,The Kitchen
09210,Common,actor,The Kitchen
09211,Bill Camp,actor,The Kitchen
09301,Andr? ?vredal,director,Scary Stories to Tell in the Dark
09302,Dan Hageman,actor,Scary Stories to Tell in the Dark
09303,Kevin Hagem,screenplay,Scary Stories to Tell in the Dark
09304,Zoe Colletti,actor,Scary Stories to Tell in the Dark
09305,Michael Garza,actor,Scary Stories to Tell in the Dark
09306,Austin Abrams,actor,Scary Stories to Tell in the Dark
09307,Gabriel Rush,actor,Scary Stories to Tell in the Dark
09308,Austin Zajur,actor,Scary Stories to Tell in the Dark
09309,Natalie Ganzhorn,actor,Scary Stories to Tell in the Dark
09310,Dean Norris,actor,Scary Stories to Tell in the Dark
09401,Richard Link,director,"Where'd You Go, Bernadette"
09402,Richard Link,screenplay,"Where'd You Go, Bernadette"
09403,Michael H. Weber,actor,"Where'd You Go, Bernadette"
09404,Scott Neustadter,actor,"Where'd You Go, Bernadette"
09405,Holly Gent,actor,"Where'd You Go, Bernadette"
09406,Vincent Palmo Jr. Maria Sem,screenplay,"Where'd You Go, Bernadette"
09407,Cate Blanchett,actor,"Where'd You Go, Bernadette"
09408,Billy Crudup,actor,"Where'd You Go, Bernadette"
09409,Emma Nelson,actor,"Where'd You Go, Bernadette"
09410,Kristen Wiig,actor,"Where'd You Go, Bernadette"
09411,James Urbaniak,actor,"Where'd You Go, Bernadette"
09412,Judy Greer,actor,"Where'd You Go, Bernadette"
09413,Troian Bellisario,actor,"Where'd You Go, Bernadette"
09414,Zoe Chao,actor,"Where'd You Go, Bernadette"
09415,Laurence Fishburne,actor,"Where'd You Go, Bernadette"
09501,Gurinder Chadh,director,Blinded by the Light
09502,Gurinder Chadh,screenplay,Blinded by the Light
09503,Paul Mayeda Berges,actor,Blinded by the Light
09504,Sarfraz Manzoo,screenplay,Blinded by the Light
09505,Viveik Kalra,actor,Blinded by the Light
09506,Kulvinder Ghir,actor,Blinded by the Light
09507,Meera Ganatra,actor,Blinded by the Light
09508,Aaron Phagura,actor,Blinded by the Light
09509,Hayley Atwell,actor,Blinded by the Light
09510,Dean-Charles Chapman,actor,Blinded by the Light
09511,Jonno Davies,actor,Blinded by the Light
09512,Sally Phillips,actor,Blinded by the Light
09513,Nell Williams,actor,Blinded by the Light
09601,Thurop Van Orman,director,The Angry Birds Movie 2
09602,John R,co-director,The Angry Birds Movie 2
09603,Peter Ackerman,actor,The Angry Birds Movie 2
09604,Jason Sudeiki,screenplay,The Angry Birds Movie 2
09605,Jason Sudeikis,actor,The Angry Birds Movie 2
09606,Josh Gad,actor,The Angry Birds Movie 2
09607,Leslie Jones,actor,The Angry Birds Movie 2
09608,Bill Hader,actor,The Angry Birds Movie 2
09609,Rachel Bloom,actor,The Angry Birds Movie 2
09610,Awkwafina,actor,The Angry Birds Movie 2
09611,Sterling K. Brown,actor,The Angry Birds Movie 2
09612,Eugenio Derbez,actor,The Angry Birds Movie 2
09613,Danny McBride,actor,The Angry Birds Movie 2
09614,Peter Dinklage,actor,The Angry Birds Movie 2
09701,Gene Stupnitsk,director,Good Boys
09702,Gene Stupnitsk,screenplay,Good Boys
09703,Lee Eisenberg,screenplay,Good Boys
09704,Jacob Tremblay,actor,Good Boys
09705,Keith L. Williams,actor,Good Boys
09706,Brady Noon,actor,Good Boys
09707,Molly Gordon,actor,Good Boys
09708,Midori Francis,actor,Good Boys
09709,Josh Caras,actor,Good Boys
09710,Will Forte,actor,Good Boys
09711,Lil Rel Howery,actor,Good Boys
09712,Retta,actor,Good Boys
09801,Lino DiSalv,director,Playmobil: The Movie
09802,Blaise Hemingw,screenplay,Playmobil: The Movie
09803,Anya Taylor-Joy,actor,Playmobil: The Movie
09804,Gabriel Bateman,actor,Playmobil: The Movie
09805,Daniel Radcliffe,actor,Playmobil: The Movie
09806,Jim Gaffigan,actor,Playmobil: The Movie
09807,Meghan Trainor,actor,Playmobil: The Movie
09808,Adam Lambert,actor,Playmobil: The Movie
09901,Andrea Di Stefan,director,The Informer
09902,Matt Cook,screenplay,The Informer
09903,Joel Kinnaman,actor,The Informer
09904,Clive Owen,actor,The Informer
09905,Rosamund Pike,actor,The Informer
09906,Ana de Armas,actor,The Informer
09907,Common,actor,The Informer
10001,Ric Roman Waugh,director,Angel Has Fallen
10002,Creighton Rothenberger,actor,Angel Has Fallen
10003,Katrin Benedikt,screenplay,Angel Has Fallen
10004,Gerard Butler,actor,Angel Has Fallen
10005,Morgan Freeman,actor,Angel Has Fallen
10006,Jada Pinkett Smith,actor,Angel Has Fallen
10007,Nick Nolte,actor,Angel Has Fallen
10008,Lance Reddick,actor,Angel Has Fallen
10101,Gavin H,director,Official Secrets
10102,Gavin H,screenplay,Official Secrets
10103,Gregory Bernstein,actor,Official Secrets
10104,Sara Bernstei,screenplay,Official Secrets
10105,Keira Knightley,actor,Official Secrets
10106,Matt Smith,actor,Official Secrets
10107,Matthew Goode,actor,Official Secrets
10108,Adam Bakri,actor,Official Secrets
10109,Ralph Fiennes,actor,Official Secrets
10110,Rhys Ifans,actor,Official Secrets
10201,Alex Kendrick,director,Overcomer
10202,Alex Kendrick,screenplay,Overcomer
10203,Stephen Kendrick,screenplay,Overcomer
10204,Alex Kendrick,actor,Overcomer
10205,Priscilla Shirer,actor,Overcomer
10206,Ben Davies,actor,Overcomer
10207,Shari Rigby,actor,Overcomer
10208,Jack Sterner,actor,Overcomer
10301,Andy Musch,director,It: Chapter Two
10302,Gary Dauberm,screenplay,It: Chapter Two
10303,James McAvoy,actor,It: Chapter Two
10304,Jessica Chastain,actor,It: Chapter Two
10305,Bill Hader,actor,It: Chapter Two
10306,Jay Ryan,actor,It: Chapter Two
10307,Isaiah Mustafa,actor,It: Chapter Two
10308,James Ransone,actor,It: Chapter Two
10309,Andy Bean,actor,It: Chapter Two
10310,Bill Skarsg?rd,actor,It: Chapter Two
10401,Nick Bruno,actor,Spies in Disguise
10402,Troy Quan,director,Spies in Disguise
10403,Kristen Orlando,actor,Spies in Disguise
10404,Michelle Painchaud,screenplay,Spies in Disguise
10405,Will Smith,actor,Spies in Disguise
10406,Tom Holland,actor,Spies in Disguise
10407,Ben Mendelsohn,actor,Spies in Disguise
10408,Rashida Jones,actor,Spies in Disguise
10409,Karen Gillan,actor,Spies in Disguise
10410,DJ Khaled,actor,Spies in Disguise
10411,Masi Oka,actor,Spies in Disguise
10501,John Crowley,director,The Goldfinch
10502,Peter Straugh,screenplay,The Goldfinch
10503,Ansel Elgort,actor,The Goldfinch
10504,Nicole Kidman,actor,The Goldfinch
10505,Oakes Fegley,actor,The Goldfinch
10506,Aneurin Barnard,actor,The Goldfinch
10507,Finn Wolfhard,actor,The Goldfinch
10508,Sarah Paulson,actor,The Goldfinch
10509,Luke Wilson,actor,The Goldfinch
10510,Jeffrey Wright,actor,The Goldfinch
10601,Michael Engl,director,Downton Abbey
10602,Julian Fello,screenplay,Downton Abbey
10603,Hugh Bonneville,actor,Downton Abbey
10604,Laura Carmichael,actor,Downton Abbey
10605,Michelle Dockery,actor,Downton Abbey
10606,Joanne Froggatt,actor,Downton Abbey
10607,Elizabeth McGovern,actor,Downton Abbey
10608,Maggie Smith,actor,Downton Abbey
10701,Lorene Scaf,director,Hustlers
10702,Lorene Scaf,screenplay,Hustlers
10703,Jennifer Lopez,actor,Hustlers
10704,Constance Wu,actor,Hustlers
10705,Cardi B,actor,Hustlers
10706,Lili Reinhart,actor,Hustlers
10707,Julia Stiles,actor,Hustlers
10708,Keke Palmer,actor,Hustlers
10801,Adrian Grunberg,director,Rambo V: Last Blood
10802,Sylvester Stallone,actor,Rambo V: Last Blood
10803,Matt Cirulnick,screenplay,Rambo V: Last Blood
10804,Sylvester Stallone,actor,Rambo V: Last Blood
10805,Adriana Barraza,actor,Rambo V: Last Blood
10806,Paz Vega,actor,Rambo V: Last Blood
10807,Yvette Monreal,actor,Rambo V: Last Blood
10808,Sergio Peris-Mencheta,actor,Rambo V: Last Blood
10809,Oscar Jaenada,actor,Rambo V: Last Blood
10810,Joaqu?n Cos?o,actor,Rambo V: Last Blood
10901,Deon T,director,Black and Blue
10902,Deon T,screenplay,Black and Blue
10903,Naomie Harris,actor,Black and Blue
10904,Frank Grillo,actor,Black and Blue
10905,Reid Scott,actor,Black and Blue
10906,Tyrese Gibson,actor,Black and Blue
10907,Beau Knapp,actor,Black and Blue
10908,Mike Colter,actor,Black and Blue
11001,Jill Cu,director,Abominable
11002,Jill Cu,screenplay,Abominable
11003,Todd Wilderman,co-director,Abominable
11004,Chloe Bennet,actor,Abominable
11005,Albert Tsai,actor,Abominable
11006,Tenzing Norgay Trainor,actor,Abominable
11007,Eddie Izzard,actor,Abominable
11008,Sarah Paulson,actor,Abominable
11009,Tsai Chin,actor,Abominable
11010,Michelle Wong,actor,Abominable
11101,Simon Curtis,director,The Art of Racing in the Rain
11102,Mark Bomback,screenplay,The Art of Racing in the Rain
11103,Milo Ventimiglia,actor,The Art of Racing in the Rain
11104,Amanda Seyfried,actor,The Art of Racing in the Rain
11105,Gary Cole,actor,The Art of Racing in the Rain
11106,Kevin Costner,actor,The Art of Racing in the Rain
11201,Todd Phillips (director/sceenplay),actor,Joker
11202,Scott Silv,screenplay,Joker
11203,Joaquin Phoenix,actor,Joker
11204,Robert De Niro,actor,Joker
11205,Zazie Beetz,actor,Joker
11206,Frances Conroy,actor,Joker
11207,Marc Maron,actor,Joker
11208,Bill Camp,actor,Joker
11209,Glenn Fleshler,actor,Joker
11210,Shea Whigham,actor,Joker
11211,Brett Cullen,actor,Joker
11212,Douglas Hodge,actor,Joker
11213,Dante Pereira-Olson,actor,Joker
11214,Josh Pais,actor,Joker
11215,Brian Tyree Henry,actor,Joker
11301,Joe Wrigh,director,The Woman in the Window
11302,Tracy Lett,screenplay,The Woman in the Window
11303,Amy Adams,actor,The Woman in the Window
11304,Julianne Moore,actor,The Woman in the Window
11305,Gary Oldman,actor,The Woman in the Window
11306,Brian Tyree Henry,actor,The Woman in the Window
11307,Wyatt Russell,actor,The Woman in the Window
11308,Anthony Mackie,actor,The Woman in the Window
11401,Ang L,director,Gemini Man
11402,David Benioff,actor,Gemini Man
11403,Billy Ray,actor,Gemini Man
11404,Darren Lemk,screenplay,Gemini Man
11405,Will Smith,actor,Gemini Man
11406,Mary Elizabeth Winstead,actor,Gemini Man
11407,Benedict Wong,actor,Gemini Man
11408,Clive Owen,actor,Gemini Man
11501,Conrad Vernon,actor,The Addams Family
11502,Greg Tiernan,director,The Addams Family
11503,Matt Lieberm,screenplay,The Addams Family
11504,Oscar Isaac,actor,The Addams Family
11505,Charlize Theron,actor,The Addams Family
11506,Chlo? Grace Moretz,actor,The Addams Family
11507,Finn Wolfhard,actor,The Addams Family
11508,Nick Kroll,actor,The Addams Family
11509,Bette Midler,actor,The Addams Family
11510,Allison Janney,actor,The Addams Family
11601,Ruben Fleisch,director,Zombieland: Double Tap
11602,Rhett Reese,actor,Zombieland: Double Tap
11603,Paul Wernick,actor,Zombieland: Double Tap
11604,David Callaham,screenplay,Zombieland: Double Tap
11605,Woody Harrelson,actor,Zombieland: Double Tap
11606,Jesse Eisenberg,actor,Zombieland: Double Tap
11607,Emma Stone,actor,Zombieland: Double Tap
11608,Abigail Breslin,actor,Zombieland: Double Tap
11609,Rosario Dawson,actor,Zombieland: Double Tap
11610,Zoey Deutch,actor,Zombieland: Double Tap
11611,Thomas Middleditch,actor,Zombieland: Double Tap
11612,Luke Wilson,actor,Zombieland: Double Tap
11701,Joachim R?nning,director,Maleficent: Mistress of Evil
11702,Linda Woolverton,actor,Maleficent: Mistress of Evil
11703,Micah Fitzerman-Blue,actor,Maleficent: Mistress of Evil
11704,Noah Harpst,screenplay,Maleficent: Mistress of Evil
11705,Angelina Jolie,actor,Maleficent: Mistress of Evil
11706,Elle Fanning,actor,Maleficent: Mistress of Evil
11707,Michelle Pfeiffer,actor,Maleficent: Mistress of Evil
11708,Ed Skrein,actor,Maleficent: Mistress of Evil
11709,Sam Riley,actor,Maleficent: Mistress of Evil
11710,Harris Dickinson,actor,Maleficent: Mistress of Evil
11711,Imelda Staunton,actor,Maleficent: Mistress of Evil
11712,Juno Temple,actor,Maleficent: Mistress of Evil
11713,Lesley Manville,actor,Maleficent: Mistress of Evil
11714,Chiwetel Ejiofor,actor,Maleficent: Mistress of Evil
11801,Gavin O'C,director,Torrance
11802,Gavin O'C,screenplay,Torrance
11803,Brad Ingelsb,screenplay,Torrance
11804,Ben Affleck,actor,Torrance
11805,Janina Gavankar,actor,Torrance
11806,Al Madrigal,actor,Torrance
11807,Hayes MacArthur,actor,Torrance
11808,Brandon Wilson,actor,Torrance
11809,Rachael Carpani,actor,Torrance
11901,Richard Phelan,actor,A Shaun the Sheep Movie: Farmageddon
11902,Will Bech,director,A Shaun the Sheep Movie: Farmageddon
11903,Mark Burton,actor,A Shaun the Sheep Movie: Farmageddon
11904,Jon Brown (screenplay): Justin Fletch,screenplay,A Shaun the Sheep Movie: Farmageddon
11905,John Sparkes,actor,A Shaun the Sheep Movie: Farmageddon
12001,Craig Zobel,director,The Hunt
12002,Damon Lindelof,actor,The Hunt
12003,Nick Cu,screenplay,The Hunt
12004,Emma Roberts,actor,The Hunt
12005,Justin Hartley,actor,The Hunt
12006,Glenn Howerton,actor,The Hunt
12007,Ike Barinholtz,actor,The Hunt
12008,Betty Gilpin,actor,The Hunt
12101,Kitao Sakura,director,Bad Trip
12102,Jeff Tremai,screenplay,Bad Trip
12103,Eric Andre,actor,Bad Trip
12104,Lil Rel Howery,actor,Bad Trip
12201,Todd Rob,director,The Last Full Measure
12202,Todd Rob,screenplay,The Last Full Measure
12203,Sebastian Stan,actor,The Last Full Measure
12204,Christopher Plummer,actor,The Last Full Measure
12205,William Hurt,actor,The Last Full Measure
12206,Ed Harris,actor,The Last Full Measure
12207,Samuel L. Jackson,actor,The Last Full Measure
12208,Jeremy Irvine,actor,The Last Full Measure
12209,Peter Fonda,actor,The Last Full Measure
12210,LisaGay Hamilton,actor,The Last Full Measure
12211,Michael Imperioli,actor,The Last Full Measure
12212,Diane Ladd,actor,The Last Full Measure
12213,Amy Madigan,actor,The Last Full Measure
12214,Linus Roache,actor,The Last Full Measure
12215,Bradley Whitford,actor,The Last Full Measure
12301,Tim Mill,director,Terminator: Dark Fate
12302,David S. Go,screenplay,Terminator: Dark Fate
12303,Arnold Schwarzenegger,actor,Terminator: Dark Fate
12304,Linda Hamilton,actor,Terminator: Dark Fate
12305,Mackenzie Davis,actor,Terminator: Dark Fate
12306,Gabriel Luna,actor,Terminator: Dark Fate
12307,Natalia Reyes,actor,Terminator: Dark Fate
12308,Diego Boneta,actor,Terminator: Dark Fate
12401,Edward N,director,Motherless Brooklyn
12402,Edward N,screenplay,Motherless Brooklyn
12403,Edward Norton,actor,Motherless Brooklyn
12404,Willem Dafoe,actor,Motherless Brooklyn
12405,Bruce Willis,actor,Motherless Brooklyn
12406,Gugu Mbatha-Raw,actor,Motherless Brooklyn
12407,Leslie Mann,actor,Motherless Brooklyn
12408,Bobby Cannavale,actor,Motherless Brooklyn
12409,Alec Baldwin,actor,Motherless Brooklyn
12410,Michael K. Williams,actor,Motherless Brooklyn
12411,Cherry Jones,actor,Motherless Brooklyn
12412,Ethan Suplee,actor,Motherless Brooklyn
12501,Mike Flanag,director,Doctor Sleep
12502,Mike Flanag,screenplay,Doctor Sleep
12503,Ewan McGregor,actor,Doctor Sleep
12504,Rebecca Ferguson,actor,Doctor Sleep
12505,Kyliegh Curran,actor,Doctor Sleep
12506,Jacob Tremblay,actor,Doctor Sleep
12507,Bruce Greenwood,actor,Doctor Sleep
12601,Jeff Fowl,director,Sonic the Hedgehog
12602,Pat Casey,actor,Sonic the Hedgehog
12603,Worm Mi,screenplay,Sonic the Hedgehog
12604,Ben Schwartz,actor,Sonic the Hedgehog
12605,Jim Carrey,actor,Sonic the Hedgehog
12606,James Marsden,actor,Sonic the Hedgehog
12607,Tika Sumpter,actor,Sonic the Hedgehog
12608,Adam Pally,actor,Sonic the Hedgehog
12609,Neal McDonough,actor,Sonic the Hedgehog
12610,Frank C. Turner,actor,Sonic the Hedgehog
12701,Paul Feig,director,Last Christmas
12702,Emma Thompson,actor,Last Christmas
12703,Bryony Kimming,screenplay,Last Christmas
12704,Emilia Clarke,actor,Last Christmas
12705,Henry Golding,actor,Last Christmas
12706,Michelle Yeoh,actor,Last Christmas
12707,Emma Thompson,actor,Last Christmas
12801,Roland Emmerich,director,Midway
12802,Wes Took,screenplay,Midway
12803,Woody Harrelson,actor,Midway
12804,Luke Evans,actor,Midway
12805,Mandy Moore,actor,Midway
12806,Patrick Wilson,actor,Midway
12807,Ed Skrein,actor,Midway
12808,Aaron Eckhart,actor,Midway
12809,Nick Jonas,actor,Midway
12810,Tadanobu Asano,actor,Midway
12811,Dennis Quaid,actor,Midway
12901,Elizabeth Banks,director,Charlie's Angels
12902,Jay Basu,screenplay,Charlie's Angels
12903,Kristen Stewart,actor,Charlie's Angels
12904,Naomi Scott,actor,Charlie's Angels
12905,Ella Balinska,actor,Charlie's Angels
12906,Elizabeth Banks,actor,Charlie's Angels
12907,Sam Claflin,actor,Charlie's Angels
12908,Noah Centineo,actor,Charlie's Angels
12909,Djimon Hounsou,actor,Charlie's Angels
12910,Patrick Stewart,actor,Charlie's Angels
13001,James Mang,director,Ford v. Ferrari
13002,James Mang,screenplay,Ford v. Ferrari
13003,Jez Butterworth,actor,Ford v. Ferrari
13004,John-Henry Butterworth,screenplay,Ford v. Ferrari
13005,Christian Bale,actor,Ford v. Ferrari
13006,Matt Damon,actor,Ford v. Ferrari
13007,Jon Bernthal,actor,Ford v. Ferrari
13008,Remo Girone,actor,Ford v. Ferrari
13009,Caitriona Balfe,actor,Ford v. Ferrari
13010,Noah Jupe,actor,Ford v. Ferrari
13011,Tracy Letts,actor,Ford v. Ferrari
13101,Bill Condon,director,The Good Liar
13102,Jeffrey Hatch,screenplay,The Good Liar
13103,Ian McKellen,actor,The Good Liar
13104,Helen Mirren,actor,The Good Liar
13105,Russell Tovey,actor,The Good Liar
13106,Jim Carter,actor,The Good Liar
13201,Jennifer L,director,Frozen 2
13202,Jennifer L,screenplay,Frozen 2
13203,Chris Buck,co-director,Frozen 2
13204,Allison Schroed,screenplay,Frozen 2
13205,Idina Menzel,actor,Frozen 2
13206,Kristen Bell,actor,Frozen 2
13207,Jonathan Groff,actor,Frozen 2
13208,Josh Gad,actor,Frozen 2
13209,Evan Rachel Wood,actor,Frozen 2
13210,Sterling K. Brown,actor,Frozen 2
13301,Marielle Hell,director,A Beautiful Day in the Neighborhood
13302,Micah Fitzerman-Blue,actor,A Beautiful Day in the Neighborhood
13303,Noah Harpst,screenplay,A Beautiful Day in the Neighborhood
13304,Tom Hanks,actor,A Beautiful Day in the Neighborhood
13305,Matthew Rhys,actor,A Beautiful Day in the Neighborhood
13306,Chris Cooper,actor,A Beautiful Day in the Neighborhood
13307,Susan Kelechi Watson,actor,A Beautiful Day in the Neighborhood
13401,Reed Moran,director,The Rhythm Section
13402,Mark Bu,screenplay,The Rhythm Section
13403,Blake Lively,actor,The Rhythm Section
13404,Jude Law,actor,The Rhythm Section
13405,Sterling K. Brown,actor,The Rhythm Section
13501,Rian Joh,director,Knives Out
13502,Rian Joh,screenplay,Knives Out
13503,Daniel Craig,actor,Knives Out
13504,Chris Evans,actor,Knives Out
13505,Lakeith Stanfield,actor,Knives Out
13506,Michael Shannon,actor,Knives Out
13507,Ana de Armas,actor,Knives Out
13508,Jamie Lee Curtis,actor,Knives Out
13509,Don Johnson,actor,Knives Out
13510,Toni Collette,actor,Knives Out
13511,Christopher Plummer,actor,Knives Out
13601,Melina Matsoukas,director,Queen & Slim
13602,Lena Waith,screenplay,Queen & Slim
13603,Daniel Kaluuya,actor,Queen & Slim
13604,Jodie Turner-Smith,actor,Queen & Slim
13605,Bokeem Woodbine,actor,Queen & Slim
13606,Chlo? Sevigny,actor,Queen & Slim
13701,Jake K,director,Untitled third Jumanji film
13702,Jake K,screenplay,Untitled third Jumanji film
13703,Scott Rosenberg,actor,Untitled third Jumanji film
13704,Jeff Pink,screenplay,Untitled third Jumanji film
13705,Dwayne Johnson,actor,Untitled third Jumanji film
13706,Jack Black,actor,Untitled third Jumanji film
13707,Kevin Hart,actor,Untitled third Jumanji film
13708,Karen Gillan,actor,Untitled third Jumanji film
13709,Nick Jonas,actor,Untitled third Jumanji film
13710,Awkwafina,actor,Untitled third Jumanji film
13711,Danny DeVito,actor,Untitled third Jumanji film
13712,Danny Glover,actor,Untitled third Jumanji film
13801,J. J. Abram,director,Star Wars: The Rise of Skywalker
13802,J. J. Abram,screenplay,Star Wars: The Rise of Skywalker
13803,Chris Terrio,screenplay,Star Wars: The Rise of Skywalker
13804,Daisy Ridley,actor,Star Wars: The Rise of Skywalker
13805,Adam Driver,actor,Star Wars: The Rise of Skywalker
13806,John Boyega,actor,Star Wars: The Rise of Skywalker
13807,Oscar Isaac,actor,Star Wars: The Rise of Skywalker
13808,Lupita Nyong'o,actor,Star Wars: The Rise of Skywalker
13809,Domhnall Gleeson,actor,Star Wars: The Rise of Skywalker
13810,Kelly Marie Tran,actor,Star Wars: The Rise of Skywalker
13811,Joonas Suotamo,actor,Star Wars: The Rise of Skywalker
13812,Billie Lourd,actor,Star Wars: The Rise of Skywalker
13813,Naomi Ackie,actor,Star Wars: The Rise of Skywalker
13814,Richard E. Grant,actor,Star Wars: The Rise of Skywalker
13815,Keri Russell,actor,Star Wars: The Rise of Skywalker
13816,Mark Hamill,actor,Star Wars: The Rise of Skywalker
13817,Anthony Daniels,actor,Star Wars: The Rise of Skywalker
13818,Billy Dee Williams,actor,Star Wars: The Rise of Skywalker
13819,Carrie Fisher,actor,Star Wars: The Rise of Skywalker
13820,Ian McDiarmid,actor,Star Wars: The Rise of Skywalker
13901,Tom H,director,Cats
13902,Tom H,screenplay,Cats
13903,Lee H,screenplay,Cats
13904,Jennifer Hudson,actor,Cats
13905,Taylor Swift,actor,Cats
13906,James Corden,actor,Cats
13907,Idris Elba,actor,Cats
13908,Rebel Wilson,actor,Cats
13909,Jason Derulo,actor,Cats
13910,Ian McKellen,actor,Cats
13911,Judi Dench,actor,Cats
14001,Jay Roach,director,Fair and Balanced
14002,Charles Randolph,screenplay,Fair and Balanced
14003,Charlize Theron,actor,Fair and Balanced
14004,Nicole Kidman,actor,Fair and Balanced
14005,Margot Robbie,actor,Fair and Balanced
14006,John Lithgow,actor,Fair and Balanced
14007,Allison Janney,actor,Fair and Balanced
14008,Kate McKinnon,actor,Fair and Balanced
14009,Malcolm McDowell,actor,Fair and Balanced
14010,Mark Duplass,actor,Fair and Balanced
14011,Alice Eve,actor,Fair and Balanced
14101,Ben Falcon,director,Super Intelligence
14102,Steve Mallo,screenplay,Super Intelligence
14103,Melissa McCarthy,actor,Super Intelligence
14104,Bobby Cannavale,actor,Super Intelligence
14105,James Corden,actor,Super Intelligence
14106,Brian Tyree Henry,actor,Super Intelligence
14107,Jean Smart,actor,Super Intelligence
14201,Greta Gerwig,director,Little Women
14202,Greta Gerwig,screenplay,Little Women
14203,Saoirse Ronan,actor,Little Women
14204,Emma Watson,actor,Little Women
14205,Florence Pugh,actor,Little Women
14206,Eliza Scanlen,actor,Little Women
14207,Timoth?e Chalamet,actor,Little Women
14208,Louis Garrel,actor,Little Women
14209,James Norton,actor,Little Women
14210,Laura Dern,actor,Little Women
14211,Bob Odenkirk,actor,Little Women
14212,Chris Cooper,actor,Little Women
14213,Meryl Streep,actor,Little Women
14301,Chris Sanders,director,Call of the Wild
14302,Michael G,screenplay,Call of the Wild
14303,Harrison Ford,actor,Call of the Wild
14304,Dan Stevens,actor,Call of the Wild
14305,Karen Gillan,actor,Call of the Wild
14306,Omar Sy,actor,Call of the Wild
14307,Bradley Whitford,actor,Call of the Wild
14401,Sam M,director,1917
14402,Sam M,screenplay,1917
14403,Krysty Wilson-Cai,screenplay,1917
14404,Benedict Cumberbatch,actor,1917
14405,Colin Firth,actor,1917
14406,Mark Strong,actor,1917
14407,Richard Madden,actor,1917
14408,George MacKay,actor,1917
14409,Dean-Charles Chapman,actor,1917
14410,Andrew Scott,actor,1917
